{
  "OPERAÇÃO": {
    "10": 2932.2382328194362,
    "11": 2932.2382328194362,
    "12": 2932.2382328194362,
    "01": 2932.2382328194362,
    "02": 2932.2382328194362,
    "03": 2932.2382328194362,
    "04": 2932.2382328194362,
    "05": 2932.2382328194362,
    "06": 2932.2382328194362,
    "07": 2932.2382328194362,
    "08": 2932.2382328194362,
    "09": 2932.2382328194362
  },
  "IR002COPL0": {
    "10": 523.6139701463279,
    "11": 523.6139701463279,
    "12": 523.6139701463279,
    "01": 523.6139701463279,
    "02": 523.6139701463279,
    "03": 523.6139701463279,
    "04": 523.6139701463279,
    "05": 523.6139701463279,
    "06": 523.6139701463279,
    "07": 523.6139701463279,
    "08": 523.6139701463279,
    "09": 523.6139701463279
  },
  "IR002COPV0": {
    "10": 1047.2279402926558,
    "11": 1047.2279402926558,
    "12": 1047.2279402926558,
    "01": 1047.2279402926558,
    "02": 1047.2279402926558,
    "03": 1047.2279402926558,
    "04": 1047.2279402926558,
    "05": 1047.2279402926558,
    "06": 1047.2279402926558,
    "07": 1047.2279402926558,
    "08": 1047.2279402926558,
    "09": 1047.2279402926558
  },
  "IR002CPED0": {
    "10": 1047.2279402926558,
    "11": 1047.2279402926558,
    "12": 1047.2279402926558,
    "01": 1047.2279402926558,
    "02": 1047.2279402926558,
    "03": 1047.2279402926558,
    "04": 1047.2279402926558,
    "05": 1047.2279402926558,
    "06": 1047.2279402926558,
    "07": 1047.2279402926558,
    "08": 1047.2279402926558,
    "09": 1047.2279402926558
  },
  "IR002GOP00": {
    "10": 314.1683820877968,
    "11": 314.1683820877968,
    "12": 314.1683820877968,
    "01": 314.1683820877968,
    "02": 314.1683820877968,
    "03": 314.1683820877968,
    "04": 314.1683820877968,
    "05": 314.1683820877968,
    "06": 314.1683820877968,
    "07": 314.1683820877968,
    "08": 314.1683820877968,
    "09": 314.1683820877968
  },
  "ADMINISTRATIVO": {
    "10": 2744.700653271828,
    "11": 2744.700653271828,
    "12": 2744.700653271828,
    "01": 2744.700653271828,
    "02": 2744.700653271828,
    "03": 2744.700653271828,
    "04": 2744.700653271828,
    "05": 2744.700653271828,
    "06": 2744.700653271828,
    "07": 2744.700653271828,
    "08": 2744.700653271828,
    "09": 2744.700653271828
  },
  "IR002CAAD0": {
    "10": 2744.700653271828,
    "11": 2744.700653271828,
    "12": 2744.700653271828,
    "01": 2744.700653271828,
    "02": 2744.700653271828,
    "03": 2744.700653271828,
    "04": 2744.700653271828,
    "05": 2744.700653271828,
    "06": 2744.700653271828,
    "07": 2744.700653271828,
    "08": 2744.700653271828,
    "09": 2744.700653271828
  },
  "RH": {
    "10": 2094.4558805853117,
    "11": 2094.4558805853117,
    "12": 2094.4558805853117,
    "01": 2094.4558805853117,
    "02": 2094.4558805853117,
    "03": 2094.4558805853117,
    "04": 2094.4558805853117,
    "05": 2094.4558805853117,
    "06": 2094.4558805853117,
    "07": 2094.4558805853117,
    "08": 2094.4558805853117,
    "09": 2094.4558805853117
  },
  "IR002CORH0": {
    "10": 2094.4558805853117,
    "11": 2094.4558805853117,
    "12": 2094.4558805853117,
    "01": 2094.4558805853117,
    "02": 2094.4558805853117,
    "03": 2094.4558805853117,
    "04": 2094.4558805853117,
    "05": 2094.4558805853117,
    "06": 2094.4558805853117,
    "07": 2094.4558805853117,
    "08": 2094.4558805853117,
    "09": 2094.4558805853117
  },
  "JURÍDICO": {
    "10": 1047.2279402926558,
    "11": 1047.2279402926558,
    "12": 1047.2279402926558,
    "01": 1047.2279402926558,
    "02": 1047.2279402926558,
    "03": 1047.2279402926558,
    "04": 1047.2279402926558,
    "05": 1047.2279402926558,
    "06": 1047.2279402926558,
    "07": 1047.2279402926558,
    "08": 1047.2279402926558,
    "09": 1047.2279402926558
  },
  "IR002AJUR0": {
    "10": 1047.2279402926558,
    "11": 1047.2279402926558,
    "12": 1047.2279402926558,
    "01": 1047.2279402926558,
    "02": 1047.2279402926558,
    "03": 1047.2279402926558,
    "04": 1047.2279402926558,
    "05": 1047.2279402926558,
    "06": 1047.2279402926558,
    "07": 1047.2279402926558,
    "08": 1047.2279402926558,
    "09": 1047.2279402926558
  },
  "TI": {
    "10": 733.0595582048591,
    "11": 733.0595582048591,
    "12": 733.0595582048591,
    "01": 733.0595582048591,
    "02": 733.0595582048591,
    "03": 733.0595582048591,
    "04": 733.0595582048591,
    "05": 733.0595582048591,
    "06": 733.0595582048591,
    "07": 733.0595582048591,
    "08": 733.0595582048591,
    "09": 733.0595582048591
  },
  "IR002CAUT0": {
    "10": 209.44558805853117,
    "11": 209.44558805853117,
    "12": 209.44558805853117,
    "01": 209.44558805853117,
    "02": 209.44558805853117,
    "03": 209.44558805853117,
    "04": 209.44558805853117,
    "05": 209.44558805853117,
    "06": 209.44558805853117,
    "07": 209.44558805853117,
    "08": 209.44558805853117,
    "09": 209.44558805853117
  },
  "IR002CTI00": {
    "10": 523.6139701463279,
    "11": 523.6139701463279,
    "12": 523.6139701463279,
    "01": 523.6139701463279,
    "02": 523.6139701463279,
    "03": 523.6139701463279,
    "04": 523.6139701463279,
    "05": 523.6139701463279,
    "06": 523.6139701463279,
    "07": 523.6139701463279,
    "08": 523.6139701463279,
    "09": 523.6139701463279
  },
  "FINANCEIRO/CONTÁBIL": {
    "10": 523.6139701463279,
    "11": 523.6139701463279,
    "12": 523.6139701463279,
    "01": 523.6139701463279,
    "02": 523.6139701463279,
    "03": 523.6139701463279,
    "04": 523.6139701463279,
    "05": 523.6139701463279,
    "06": 523.6139701463279,
    "07": 523.6139701463279,
    "08": 523.6139701463279,
    "09": 523.6139701463279
  },
  "IR002CPFO0": {
    "10": 523.6139701463279,
    "11": 523.6139701463279,
    "12": 523.6139701463279,
    "01": 523.6139701463279,
    "02": 523.6139701463279,
    "03": 523.6139701463279,
    "04": 523.6139701463279,
    "05": 523.6139701463279,
    "06": 523.6139701463279,
    "07": 523.6139701463279,
    "08": 523.6139701463279,
    "09": 523.6139701463279
  },
  "SSMA": {
    "10": 418.89117611706234,
    "11": 418.89117611706234,
    "12": 418.89117611706234,
    "01": 418.89117611706234,
    "02": 418.89117611706234,
    "03": 418.89117611706234,
    "04": 418.89117611706234,
    "05": 418.89117611706234,
    "06": 418.89117611706234,
    "07": 418.89117611706234,
    "08": 418.89117611706234,
    "09": 418.89117611706234
  },
  "IR002CAST0": {
    "10": 418.89117611706234,
    "11": 418.89117611706234,
    "12": 418.89117611706234,
    "01": 418.89117611706234,
    "02": 418.89117611706234,
    "03": 418.89117611706234,
    "04": 418.89117611706234,
    "05": 418.89117611706234,
    "06": 418.89117611706234,
    "07": 418.89117611706234,
    "08": 418.89117611706234,
    "09": 418.89117611706234
  },
  "COMUNICAÇÃO": {
    "10": 104.72279402926559,
    "11": 104.72279402926559,
    "12": 104.72279402926559,
    "01": 104.72279402926559,
    "02": 104.72279402926559,
    "03": 104.72279402926559,
    "04": 104.72279402926559,
    "05": 104.72279402926559,
    "06": 104.72279402926559,
    "07": 104.72279402926559,
    "08": 104.72279402926559,
    "09": 104.72279402926559
  },
  "IR002GSA00": {
    "10": 104.72279402926559,
    "11": 104.72279402926559,
    "12": 104.72279402926559,
    "01": 104.72279402926559,
    "02": 104.72279402926559,
    "03": 104.72279402926559,
    "04": 104.72279402926559,
    "05": 104.72279402926559,
    "06": 104.72279402926559,
    "07": 104.72279402926559,
    "08": 104.72279402926559,
    "09": 104.72279402926559
  },
  "GERAL": {
    "10": 10598.910205466747,
    "11": 10598.910205466747,
    "12": 10598.910205466747,
    "01": 10598.910205466747,
    "02": 10598.910205466747,
    "03": 10598.910205466747,
    "04": 10598.910205466747,
    "05": 10598.910205466747,
    "06": 10598.910205466747,
    "07": 10598.910205466747,
    "08": 10598.910205466747,
    "09": 10598.910205466747
  }
}